{
  "upload_type": "software",
  "access_right": "open",
  "creators": [
    {
      "name": "Ludwig, Björn",
      "affiliation": "Physikalisch-Technische Bundesanstalt",
      "orcid": "0000-0002-5910-9137"
    },
    {
      "name": "Gruber, Maximilian",
      "affiliation": "Physikalisch-Technische Bundesanstalt",
      "orcid": "0000-0002-3718-7919"
    },
    {
      "name": "Kruse, Paul",
      "affiliation": "Physikalisch-Technische Bundesanstalt"
    },
    {
      "name": "Eichstädt, Sascha",
      "affiliation": "Physikalisch-Technische Bundesanstalt",
      "orcid": "0000-0001-7433-583X"
    },
    {
      "name": "Weber, Martin",
      "affiliation": "Physikalisch-Technische Bundesanstalt",
      "orcid": "0000-0001-5919-5808"
    },
    {
      "name": "Sieberer, Michael"
    },
    {
      "name": "Muñiz-Piniella, Andrés",
      "affiliation": "C4AD CIC"
    },
    {
      "name": "Bruns, Thomas",
      "affiliation": "Physikalisch-Technische Bundesanstalt",
      "orcid": "0000-0002-1766-7915"
    }
  ],
  "license": {
    "id": "LGPL-3.0+",
    "title": "GNU Lesser General Public License v3.0 or later",
    "url": "https://opensource.org/licenses/LGPL-3.0"
  },
  "keywords": [
    "Python",
    "measurements",
    "measurement uncertainty",
    "Physikalisch-Technische Bundesanstalt",
    "GUM",
    "dynamic measurements",
    "metrology software"
  ],
  "language": "eng"
}
